{"threshold": 0.1945346234890309, "best_f1": 0.813198766652194}