{
  "auc": 0.5849339735894358,
  "best_threshold": 0.1,
  "precision": 0.49,
  "recall": 1.0,
  "f1": 0.6577181208053692,
  "fpr": 0.51
}