{
  "oof_auc": 0.9529786660279241,
  "val_auc": 0.9210964511516676,
  "best_threshold": 0.2152629992636282,
  "best_f1": 0.753071671862922
}