{
  "train_full_rows": 800,
  "train_used_rows": 800,
  "val_rows": 200,
  "scale_pos_weight": 1.0887728459530026,
  "ensemble_alpha": 0.85,
  "youden_threshold": 0.4925653500292698,
  "youden_metrics": {
    "auc": 0.4965986394557823,
    "precision": 0.582089552238806,
    "recall": 0.3979591836734694,
    "f1": 0.4727272727272727,
    "fpr": 0.27450980392156593,
    "tp": 39,
    "fp": 28,
    "tn": 74,
    "fn": 59
  },
  "f1_threshold": 0.40744872397799203,
  "f1_metrics": {
    "auc": 0.4965986394557823,
    "precision": 0.49,
    "recall": 1.0,
    "f1": 0.6577181208053692,
    "fpr": 0.9999999999999902,
    "tp": 98,
    "fp": 102,
    "tn": 0,
    "fn": 0
  },
  "best_f1_value": 0.6577181208049276,
  "calibrated_info": {
    "calibrator_saved": false,
    "error": "CalibratedClassifierCV.__init__() got an unexpected keyword argument 'base_estimator'"
  },
  "raw_auc_lgbm": 0.5701280512204882
}